<?xml version="1.0" encoding="UTF-8"?>
<project-private xmlns="http://www.netbeans.org/ns/project-private/1">
    <editor-bookmarks xmlns="http://www.netbeans.org/ns/editor-bookmarks/2" lastBookmarkId="0"/>
    <open-files xmlns="http://www.netbeans.org/ns/projectui-open-files/2">
        <group>
            <file>file:/F:/New%20Folder%20(2)/JavaApp2D/src/KeyInput.java</file>
            <file>file:/F:/New%20Folder%20(2)/JavaApp2D/src/GamePanel2.java</file>
            <file>file:/F:/New%20Folder%20(2)/JavaApp2D/src/Player2.java</file>
            <file>file:/F:/New%20Folder%20(2)/JavaApp2D/src/Ashol.java</file>
            <file>file:/F:/New%20Folder%20(2)/JavaApp2D/src/MouseInput.java</file>
            <file>file:/F:/New%20Folder%20(2)/JavaApp2D/src/Player.java</file>
            <file>file:/F:/New%20Folder%20(2)/JavaApp2D/src/NewMenu.java</file>
            <file>file:/F:/New%20Folder%20(2)/JavaApp2D/src/GamePanel.java</file>
            <file>file:/F:/New%20Folder%20(2)/JavaApp2D/src/Level2.java</file>
        </group>
    </open-files>
</project-private>
